{ "MedInc": 8.335311674733955, "HouseAge": 40.808262741348074, "AveRooms": 7.015507613649542, "AveBedrms": 1.0262616333893846, "Population": 323.542027724262, "AveOccup": 2.711581026744849, "Latitude": 37.870616319375294, "Longitude": -122.22411526046798 }